{"scores": [13, 12], "timestamps": [1602946205.230516, 1602945941.388497]}